model,validation_auc_roc,validation_auc_pr,auc_roc,auc_pr,precision,recall,f1,accuracy,specificity,precision_at_k,recall_at_k,k,optimal_threshold,true_positive,false_positive,true_negative,false_negative
rf_baseline,0.773642466388373,0.6125444067091492,0.807977989946041,0.6574997844313706,0.5654994373469253,0.6781773438120188,0.6167340456251805,0.7439656627522847,0.7726674516866385,0.79382686279238,0.26133206318964836,4147,0.55,8543,6564,22310,4054
rf_tuned,0.8221290437596085,0.6777835186869475,0.8469624113361578,0.7171725674604629,0.5763035437298651,0.766849249821386,0.6580605606457984,0.757927226254491,0.7540347717669876,0.843501326259947,0.27768516313407954,4147,0.5,9660,7102,21772,2937
gbt,0.8372416800255595,0.691090289691884,0.8561839917213676,0.7285804307795596,0.5905167246133557,0.7820115900611256,0.6729054954062638,0.7690675411733501,0.7634203781949158,0.8526645768025078,0.2807017543859649,4147,0.5,9851,6831,22043,2746
