engine,rows,joined_rows,seconds
GeoPandas,1000000,1000000,0.7084896999876946
Sedona,1000000,1000000,4.671701499959454
